{
  "client.dll": {
    "dwCSGOInput": 27742800,
    "dwEntityList": 27271336,
    "dwGameEntitySystem": 28466136,
    "dwGameEntitySystem_highestEntityIndex": 8432,
    "dwGameRules": 27683640,
    "dwGlobalVars": 25468592,
    "dwGlowManager": 27681392,
    "dwLocalPlayerController": 27593424,
    "dwLocalPlayerPawn": 25518288,
    "dwPlantedC4": 27722488,
    "dwPrediction": 25517904,
    "dwSensitivity": 27687000,
    "dwSensitivity_sensitivity": 64,
    "dwViewAngles": 27743776,
    "dwViewMatrix": 27701808,
    "dwViewRender": 27704192,
    "dwWeaponC4": 27280784
  },
  "engine2.dll": {
    "dwBuildNumber": 5508068,
    "dwNetworkGameClient": 5504224,
    "dwNetworkGameClient_clientTickCount": 872,
    "dwNetworkGameClient_deltaTick": 636,
    "dwNetworkGameClient_isBackgroundMap": 2626631,
    "dwNetworkGameClient_localPlayer": 240,
    "dwNetworkGameClient_maxClients": 568,
    "dwNetworkGameClient_serverTickCount": 876,
    "dwNetworkGameClient_signOnState": 552,
    "dwWindowHeight": 6436196,
    "dwWindowWidth": 6436192
  },
  "inputsystem.dll": {
    "dwInputSystem": 231392
  },
  "matchmaking.dll": {
    "dwGameTypes": 1725152,
    "dwGameTypes_mapName": 288
  },
  "soundsystem.dll": {
    "dwSoundSystem": 3806704,
    "dwSoundSystem_engineViewData": 124
  }
}